title,description,url,author,image,published,normalized_url,source_label
"The PlayStation 5 laptop is a 9.5 pound portable gaming monster, will set you back $2,750",Weighing in at a whopping 9.5 pounds for the laptop alone – plus an additional pound for the power brick – you could practically get a workout...,https://www.techspot.com/news/105966-playstation-5-laptop-95-pound-portable-gaming-monster.html,Zo Ahmed,https://www.techspot.com/images2/news/bigimage/2024/12/2024-12-15-image-4.jpg,2024-12-15 15:32:00 +0000,https://techspot.com/news/105966-playstation-5-laptop-95-pound-portable-gaming-monster.html,techspot.com
Why the U.S. government is saying all citizens should use end-to-end encrypted messaging,"Think twice before sending your next text message. Or better yet, make sure you are using an end-to-end encryption method.

Consumers regularly use different types of messaging technology from the big...",https://www.cnbc.com/2024/12/15/why-the-fbi-wants-you-to-use-end-to-end-encrypted-messaging.html,Cheryl Winokur Munk,https://image.cnbcfm.com/api/v1/image/108075385-1734035784549-gettyimages-1920272611-20090101240112-99-587496.jpeg?v=1734035810&w=1920&h=1080,2024-12-15 14:30:02 +0000,https://cnbc.com/2024/12/15/why-the-fbi-wants-you-to-use-end-to-end-encrypted-messaging.html,cnbc.com
Intel Core Ultra 9 285K vs. Intel Core i9 14900K,"Intel's two latest flagships, the Core Ultra 9 285K and Core i9 14900K go head-to-head in 45 games to see how their performance stacks up. Can the...",https://www.techspot.com/review/2934-intel-core-ultra-285k-vs-intel-core-14900k/,Steven Walton,https://www.techspot.com/articles-info/2934/images/2024-12-13-image.jpg,2024-12-15 12:49:00 +0000,https://techspot.com/review/2934-intel-core-ultra-285k-vs-intel-core-14900k/,techspot.com
"Limited-time offer: M4 Pro Mac mini for $1,349 with free next day shipping","The in-demand M4 Pro Mac mini is on sale at Apple resellers, with B&H discounting it to $1,349 with free next-day shipping for holiday gift-giving.",https://appleinsider.com/articles/24/12/15/pick-up-apples-m4-pro-mac-mini-for-1349-with-free-next-day-shipping,Christine McKee,https://photos5.appleinsider.com/gallery/62052-128534-m4-pro-mac-mini-deal-3-xl.jpg,2024-12-15 10:05:01 +0000,https://appleinsider.com/articles/24/12/15/pick-up-apples-m4-pro-mac-mini-for-1349-with-free-next-day-shipping,appleinsider.com
"The White Helmets, UNHCR, UNRWA, and other volunteer organizations describe how apps like WhatsApp have transformed communication in conflict and disaster zones (John Beck/Rest of World)","— It was a week of frenzied activity, as Silicon Valley billionaires and their companies brandished checks and compliments for the President-elect....",https://www.techmeme.com/241215/p8,techmeme,https://149346090.v2.pressablecdn.com/wp-content/uploads/2024/12/RoW_WhatsApp_SOS_FeaturedImage-1600x900.jpg,2024-12-15 09:20:08 +0000,https://techmeme.com/241215/p8,techmeme.com
Die besten Gaming-Geschenke 2024: Fröhliches Zocken überall!,Videospiele und Gaming-Hardware lassen nicht nur Kinderaugen leuchten. COMPUTER BILD zeigt die Test-Highlights der Redaktion zum Fest!,https://www.computerbild.de/artikel/cbs-News-Spiele-Gaming-Geschenke-2024-Weihnachten-Videospiele-Kaufberatung-39233257.html,@computerbild,https://i.computer-bild.de/imgs/1/5/4/9/9/5/4/1/Gaming-Geschenke-zum-Weihnachtsfest-3567-2048x1152-d9ccc3daf2d2dec2.jpg,2024-12-15 09:00:00 +0000,https://computerbild.de/artikel/cbs-News-Spiele-Gaming-Geschenke-2024-Weihnachten-Videospiele-Kaufberatung-39233257.html,computerbild.de
Der neue Samsung S90D erweist sich im Fernseher-Test als Geheimtipp,Der OLED-TV Samsung S90D kostet etwa das gleiche wie sein QLED-Bruder QN90D. Wo liegen die Unterschiede? Unser Test liefert die Antworten.,https://www.computerbild.de/artikel/avf-Tests-Fernseher-Samsung-S90D-GQ55S90DAT-review-39237169.html,@computerbild,https://i.computer-bild.de/imgs/1/5/5/0/0/5/9/5/Samsung-S90D-im-Test--Farbwiedergabe-und-Schattendurchzeichnung-sind-3567-3878x2181-348532fdc60bd7b7.jpg,2024-12-15 08:42:00 +0000,https://computerbild.de/artikel/avf-Tests-Fernseher-Samsung-S90D-GQ55S90DAT-review-39237169.html,computerbild.de
Nur noch heute bei der ING: Top Tagesgeld-Zinsen sichern,Attraktive Tagesgeld-Zinsen? Die gibt es heute noch bei der ING. Alles zum top Tagesgeld-Angebot der Direktbank.,https://www.computerbild.de/artikel/ING-Tagesgeld-Angebot-Zinsen-39124689.html,@computerbild,https://i.computer-bild.de/imgs/1/5/4/7/1/2/2/3/ING-Logo-auf-Hausdach-3567-1010x568.jpg-7f73f716b0bb599c.webp,2024-12-15 08:16:00 +0000,https://computerbild.de/artikel/ING-Tagesgeld-Angebot-Zinsen-39124689.html,computerbild.de
‘Trump has been explicit about revenge’: Asif Kapadia on his new film about the threat to democracy,The man behind Amy and Senna has turned his attention to ‘techno-authoritarianism’ in the genre-defying 2073. He talks to our journalist – one of the movie’s unlikely stars – about the events that fed his dystopian vision,https://www.theguardian.com/film/2024/dec/15/asif-kapadia-2073-amy-winehouse-senna-maradona-trump,Carole Cadwalladr,https://i.guim.co.uk/img/media/d9d7145b421290703a7f763d15874457832b5d37/0_1623_6192_3715/master/6192.jpg?width=1200&height=630&quality=85&auto=format&fit=crop&overlay-align=bottom%2Cleft&overlay-width=100p&overlay-base64=L2ltZy9zdGF0aWMvb3ZlcmxheXMvdG8tZGVmYXVsdC5wbmc&s=9a91c84837d985229bd9e99ef73df458,2024-12-15 08:00:40 +0000,https://theguardian.com/film/2024/dec/15/asif-kapadia-2073-amy-winehouse-senna-maradona-trump,theguardian.com
Saubere Weihnachten: Vier empfehlenswerte Saug-Wisch-Roboter zum Fest,Smart saugen (lassen)! Diese cleveren Putzhilfen kümmern sich um die Bodenpflege. Hier kommen vier empfehlenswerte Saugroboter.,https://www.computerbild.de/artikel/cb-Tests-Smart-Home-Saug-Wisch-Roboter-Geschenk-Tipps-Tests-Kaufberatung-Weihnachten-37189009.html,@computerbild,https://i.computer-bild.de/imgs/1/5/1/2/2/7/1/5/Weihnachtskaufberatung--Smart-putzen-3567-2048x1152-1c393d94bb4056c1.jpg,2024-12-15 08:00:00 +0000,https://computerbild.de/artikel/cb-Tests-Smart-Home-Saug-Wisch-Roboter-Geschenk-Tipps-Tests-Kaufberatung-Weihnachten-37189009.html,computerbild.de
Supfix: Stand-Up-Paddling neu gedacht,"Supfix erweitert Stand-Up-Paddling mit modularen Plattformen, Elektroantrieb und Komfort-Sitzen – ideal für Familien, Gruppen und sportliche Aktivitäten.",https://www.computerbild.de/artikel/cb-News-Freizeit-Supfix-Stand-Up-Paddling-neu-gedacht-39258125.html,@computerbild,https://i.computer-bild.de/imgs/1/5/5/0/6/1/7/5/Supfix-Duo-in-Aktion-3567-1280x720-a890d2fef84e328e.jpg,2024-12-15 07:51:00 +0000,https://computerbild.de/artikel/cb-News-Freizeit-Supfix-Stand-Up-Paddling-neu-gedacht-39258125.html,computerbild.de
"While businesses frequently try to get on an incoming president's good side, the past week's frenzy of tech leaders to woo Trump stood out from other industries (New York Times)",From New York Times. View the full context on Techmeme.,https://www.techmeme.com/241215/p7,techmeme,https://static01.nyt.com/images/2024/12/13/multimedia/Trump-TECH-phqf/Trump-TECH-phqf-facebookJumbo.jpg,2024-12-15 07:15:00 +0000,https://techmeme.com/241215/p7,techmeme.com
The EC pledges €750M of the €1.5B planned investment to fund AI-optimized supercomputers across seven sites to help EU startups compete with global rivals (Pieter Haeck/Politico),By Pieter Haeck / Politico. View the full context on Techmeme.,https://www.techmeme.com/241215/p6,techmeme,http://www.techmeme.com/img/techmeme_sq328.png,2024-12-15 07:10:00 +0000,https://techmeme.com/241215/p6,techmeme.com
"An interview with Fei-Fei Li on her NeurIPS keynote talk about visual intelligence, her startup World Labs, giving machines 3D spatial intelligence, and more (Eliza Strickland/IEEE Spectrum)",By Eliza Strickland / IEEE Spectrum. View the full context on Techmeme.,https://www.techmeme.com/241215/p5,techmeme,https://spectrum.ieee.org/media-library/fei-fei-li-wearing-a-black-dress-and-posing-against-a-concrete-wall-with-arms-crossed.jpg?id=55290951&width=1200&height=600&coordinates=0%2C648%2C0%2C242,2024-12-15 07:00:39 +0000,https://techmeme.com/241215/p5,techmeme.com
‘I received a first but it felt tainted and undeserved’: inside the university AI cheating crisis,"More than half of students are now using generative AI, casting a shadow over campuses as tutors and students turn on each other and hardworking learners are caught in the flak. Will Coldwell reports on a broken system",https://www.theguardian.com/technology/2024/dec/15/i-received-a-first-but-it-felt-tainted-and-undeserved-inside-the-university-ai-cheating-crisis,Will Coldwell,https://i.guim.co.uk/img/media/8a559bf7d3a377fd3acbfdd8db24fea02baa5740/0_3897_6024_3615/master/6024.jpg?width=1200&height=630&quality=85&auto=format&fit=crop&overlay-align=bottom%2Cleft&overlay-width=100p&overlay-base64=L2ltZy9zdGF0aWMvb3ZlcmxheXMvdG8tZGVmYXVsdC5wbmc&s=a2537a5e9e34613457b043120fab75bb,2024-12-15 07:00:38 +0000,https://theguardian.com/technology/2024/dec/15/i-received-a-first-but-it-felt-tainted-and-undeserved-inside-the-university-ai-cheating-crisis,theguardian.com
Dxdiag: Tutorial zu dem Windows-Bordmittel für System-Analysen,"Windows bringt mit Dxdiag ein Diagnose-Tool für DirectX respektive für die Hardware mit. Wir geben Tipps, um das Analyse-Tool richtig einzusetzen.",https://www.computerbild.de/artikel/cb-Tipps-Windows-Dxdiag-Tutorial-zu-dem-Windows-Bordmittel-fuer-Hardware-Analysen-39232527.html,@computerbild,https://i.computer-bild.de/imgs/1/5/4/9/9/3/4/9/Dxdiag--Tutorial-zu-dem-Windows-Bordmittel-fuer-Hardware-Analysen-3567-2048x1152-d2d1cdf592473b44.jpg,2024-12-15 07:00:00 +0000,https://computerbild.de/artikel/cb-Tipps-Windows-Dxdiag-Tutorial-zu-dem-Windows-Bordmittel-fuer-Hardware-Analysen-39232527.html,computerbild.de
"Donald Bitzer, plasma screen co-inventor and the father of PLATO computer system, considered a precursor to messaging apps and more, died on December 10 at 90 (Harrison Smith)",By Harrison Smith / Washington Post. View the full context on Techmeme.,https://www.techmeme.com/241215/p4,techmeme,https://www.washingtonpost.com/wp-apps/imrs.php?src=https://arc-anglerfish-washpost-prod-washpost.s3.amazonaws.com/public/HO5FAHUTTBDGLJYSVKNFT4JKH4.JPG&w=1440,2024-12-15 06:45:02 +0000,https://techmeme.com/241215/p4,techmeme.com
"A look at Broadcom's path to $1T in market cap: stock up 760%+ and three deals worth $10B+ after abandoning its $120B bid to acquire Qualcomm in 2018, and more (Ari Levy/CNBC)",By Ari Levy / CNBC. View the full context on Techmeme.,https://www.techmeme.com/241215/p3,techmeme,https://image.cnbcfm.com/api/v1/image/104826313-GettyImages-869435530-hock-tan-trump2.jpg?v=1734181786&w=1920&h=1080,2024-12-15 06:30:01 +0000,https://techmeme.com/241215/p3,techmeme.com
"Officials say hackers possibly accessed personal data of hundreds of thousands Rhode Island residents, with a ""high probability"" that sensitive info was stolen (Aimee Ortiz)",By Aimee Ortiz / New York Times. View the full context on Techmeme.,https://www.techmeme.com/241215/p2,techmeme,https://static01.nyt.com/images/2024/12/14/multimedia/14xp-rhodeisland-vglh/14xp-rhodeisland-vglh-facebookJumbo.jpg,2024-12-15 06:00:37 +0000,https://techmeme.com/241215/p2,techmeme.com
"Sources say it makes no sense for Elon Musk to target OpenAI with onerous regulation as co-chair of DOGE, given his remit is to find ways to slash regulation (Financial Times)",From Financial Times. View the full context on Techmeme.,https://www.techmeme.com/241215/p1,techmeme,https://www.ft.com/__origami/service/image/v2/images/raw/https%3A%2F%2Fd1e00ek4ebabms.cloudfront.net%2Fproduction%2F412fa055-55e5-4ef4-bc7c-3370744f1335.jpg?source=next-article&fit=scale-down&quality=highest&width=700&dpr=1,2024-12-15 05:45:02 +0000,https://techmeme.com/241215/p1,techmeme.com
"Qualcomm stated Snapdragon X PC return rates are ""within industry norm"", after interim Intel co-CEO Michelle Johnston Holthaus claimed large ARM PC return rates (Dylan Martin/CRN)",By Dylan Martin / CRN. View the full context on Techmeme.,https://www.techmeme.com/241214/p24,techmeme,https://www.crn.com/news/components-peripherals/2024/media_1e5778e592ead76853c64f64d5d02ff3923f1bd78.png?width=1200&format=pjpg&optimize=medium,2024-12-15 04:45:01 +0000,https://techmeme.com/241214/p24,techmeme.com
Researchers find a yearlong ongoing supply-chain attack targeting malicious and benevolent security personnel and stealing over 390K WordPress credentials (Dan Goodin/Ars Technica),By Dan Goodin / Ars Technica. View the full context on Techmeme.,https://www.techmeme.com/241214/p23,techmeme,https://cdn.arstechnica.net/wp-content/uploads/2024/04/malware.jpg,2024-12-15 04:10:01 +0000,https://techmeme.com/241214/p23,techmeme.com
"An investigation finds Cryptomus, registered in Vancouver, is a payment processor for dozens of Russian crypto exchanges and sites hawking cybercrime services (Brian Krebs/Krebs on Security)",By Brian Krebs / Krebs on Security. View the full context on Techmeme.,https://www.techmeme.com/241214/p22,techmeme,https://krebsonsecurity.com/wp-content/uploads/2024/12/happycanada.png,2024-12-15 02:35:14 +0000,https://techmeme.com/241214/p22,techmeme.com
"Get a 14-inch MacBook Pro for just $1,299 with this holiday deal","In an exclusive holiday blowout deal, Apple Authorized Reseller B&H has dropped the price of a closeout M3 MacBook Pro 14-inch to just $1,299 when equipped with 16GB RAM.",https://appleinsider.com/articles/24/12/15/this-14-inch-macbook-pro-just-fell-to-1299-an-all-time-low-price,Christine McKee,https://photos5.appleinsider.com/gallery/62022-128449-m3-macbook-pro-1299-xl.jpg,2024-12-15 01:12:42 +0000,https://appleinsider.com/articles/24/12/15/this-14-inch-macbook-pro-just-fell-to-1299-an-all-time-low-price,appleinsider.com
Apple is reportedly trying to make a giant iPad-like foldable with no crease,"We’ve been hearing rumors about the foldables Apple may or may not be making for years, from clamshell iPhone prototypes to plans for a foldable iPad, but the latest suggests we may also be in for something much bigger. According to Mark Gurman in the Power On newsletter this weekend, Apple is developing a foldable device with a display that opens up to be nearly 20 inches. The plan is for “something akin to a giant iPad that unfolds into the size of two iPad Pros side-by-side,” with elements of both iPad and Mac functionality, according to Gurman. The company is reportedly targeting a...",https://www.engadget.com/mobile/tablets/apple-is-reportedly-trying-to-make-a-giant-ipad-like-foldable-with-no-crease-160821177.html?src=rss,Cheyenne MacDonald,https://o.aolcdn.com/images/dims?image_uri=https%3A%2F%2Fs.yimg.com%2Fos%2Fcreatr-uploaded-images%2F2024-12%2Fb24d5740-bafd-11ef-b5ff-ef1f8c736c41&resize=1400%2C787&client=19f2b5e49a271b2bde77&signature=e23a5b2c54e1b9b6f6d87dc9edd6624a3533d5e5,2024-12-15T16:08:21+00:00,https://engadget.com/mobile/tablets/apple-is-reportedly-trying-to-make-a-giant-ipad-like-foldable-with-no-crease-160821177.html,engadget.com
"6 Best Video Doorbell Cameras (2024): Smart, Battery, AI, Budget, and Subscription-Free",Never miss a delivery. These WIRED-tested picks will help you keep tabs on your front door from anywhere.,https://www.wired.com/gallery/best-video-doorbells/,Simon Hill,https://media.wired.com/photos/6648e7def19d97bc2a8898f5/master/pass/Best-Smart-Doorbells-collage-052024-SOURCE-Simon-Hill.jpg,2024-12-15T14:02:00+00:00,https://wired.com/gallery/best-video-doorbells/,wired.com
How Student Phones and Social Media Are Fueling Fights in Schools,Cafeteria melees. Students kicked in the head. Injured educators. Technology is stoking cycles of violence in schools across the United States.,https://www.nytimes.com/2024/12/15/technology/school-fight-videos-student-phones.html,Natasha Singer,https://static01.nyt.com/images/2024/11/25/multimedia/SCHOOL-FIGHTS-promo/SCHOOL-FIGHTS-promo-mediumSquareAt3X.jpg,2024-12-15T13:15:14+00:00,https://nytimes.com/2024/12/15/technology/school-fight-videos-student-phones.html,nytimes.com
5 Best Carbon Steel Pans For Every Budget (2024),Our expert cooked with 20 pans and these are the top 5 that are worth the investment.,https://www.wired.com/gallery/the-best-carbon-steel-pans-for-every-budget/,Jordan Michelman,https://media.wired.com/photos/675e4eeefcd82ef94a6e6fed/master/pass/Best%20Carbon%20Steel%20Pans%20Reviewer%20Collage%20122024%20SOURCE%20Jordan-Michelman.jpg,2024-12-15T13:01:00+00:00,https://wired.com/gallery/the-best-carbon-steel-pans-for-every-budget/,wired.com
Der neue Samsung S90D erweist sich im Fernseher-Test als Geheimtipp,Der OLED-TV Samsung S90D kostet etwa das gleiche wie sein QLED-Bruder QN90D. Wo liegen die Unterschiede? Für wen ist der S90D der bessere Kauf? Unser Test liefert die Antworten.,https://www.computerbild.de/artikel/avf-Tests-Fernseher-Samsung-S90D-GQ55S90DAT-review-39237169.html,Christoph de Leuw,https://i.computer-bild.de/imgs/1/5/5/0/0/5/9/5/rss_newsletter_big.jpg,2024-12-15T08:42:00+00:00,https://computerbild.de/artikel/avf-Tests-Fernseher-Samsung-S90D-GQ55S90DAT-review-39237169.html,computerbild.de
"The high-end Chinese phones taking on Apple, Google and Samsung","The latest phones from Oppo, Nubia and Xiaomi offer huge performance, fast charging and competitive prices. Some exceed what’s on offer from Apple and Samsung.",https://www.theage.com.au/technology/the-high-end-chinese-phones-taking-on-apple-google-and-samsung-20241212-p5kxus.html?ref=rss&utm_medium=rss&utm_source=rss_technology,Tim Biggs,https://static.ffx.io/images/$zoom_0.3175%2C$multiply_0.7554%2C$ratio_1.777778%2C$width_1059%2C$x_115%2C$y_112/t_crop_custom/q_86%2Cf_auto/9094797430b14d1394350437b74d6cf919fc2711,2024-12-15T02:13:46+00:00,https://theage.com.au/technology/the-high-end-chinese-phones-taking-on-apple-google-and-samsung-20241212-p5kxus.html,The Age
"The high-end Chinese phones taking on Apple, Google and Samsung","The latest phones from Oppo, Nubia and Xiaomi offer huge performance, fast charging and competitive prices. Some exceed what’s on offer from Apple and Samsung.",https://www.smh.com.au/technology/the-high-end-chinese-phones-taking-on-apple-google-and-samsung-20241212-p5kxus.html?ref=rss&utm_medium=rss&utm_source=rss_technology,Tim Biggs,https://static.ffx.io/images/$zoom_0.3175%2C$multiply_0.7554%2C$ratio_1.777778%2C$width_1059%2C$x_115%2C$y_112/t_crop_custom/q_86%2Cf_auto/9094797430b14d1394350437b74d6cf919fc2711,2024-12-15T02:13:46+00:00,https://smh.com.au/technology/the-high-end-chinese-phones-taking-on-apple-google-and-samsung-20241212-p5kxus.html,The Sydney Morning Herald
HDMI 2.2 could make its debut at CES next month,"We may see the next HDMI standard, HDMI 2.2, in only a matter of weeks. According to an email from the HDMI Forum sent around to press including Engadget this weekend, a new HDMI specification will be announced on Monday, January 6 in Las Vegas ahead of the official start to CES 2025. The details at this point are pretty scant — all we’re told is that the new spec “enables a wide range of higher resolutions and refresh rates and will be supported with a new HDMI Cable.”It’s been seven years since the introduction of HDMI 2.1. It was most recently updated to version 2.1b in 2023, to...",https://www.engadget.com/computing/hdmi-22-could-make-its-debut-at-ces-next-month-233627519.html?src=rss,Cheyenne MacDonald,https://o.aolcdn.com/images/dims?image_uri=https%3A%2F%2Fs.yimg.com%2Fos%2Fcreatr-uploaded-images%2F2024-12%2F821b3040-ba73-11ef-bbe6-42394c6b6a29&resize=1400%2C821&client=19f2b5e49a271b2bde77&signature=a70bc09623cbf000b087f027a3d701ff284096bc,2024-12-14T23:36:27+00:00,https://engadget.com/computing/hdmi-22-could-make-its-debut-at-ces-next-month-233627519.html,engadget.com
CES 2025 preview: The new technology we’re expecting and hoping to see in Las Vegas,"The holiday season has barely begun, but some of us are already getting ready for CES 2025. Shortly after New Year’s Day, many from the Engadget team will be packing our bags to fly to Las Vegas, where we’ll be covering tech’s biggest annual conference. As usual, our inboxes are already flooded with pitches from companies that are planning to be there, and our calendars are filling up with appointments for briefings and demos.Based on our experience, as well as observation of recent industry trends, it’s fairly easy to make educated predictions about what we might see in January. Over...",https://www.engadget.com/ces-2025-preview-the-new-technology-were-expecting-and-hoping-to-see-in-las-vegas-200052618.html?src=rss,Cherlynn Low,https://o.aolcdn.com/images/dims?image_uri=https%3A%2F%2Fs.yimg.com%2Fos%2Fcreatr-uploaded-images%2F2024-01%2Ff23d3740-ae32-11ee-8d1b-20ed137b8e8c&resize=1400%2C933&client=19f2b5e49a271b2bde77&signature=5809d201c3681d4aead99c7a1292427a6ccb680e,2024-12-14T20:00:52+00:00,https://engadget.com/ces-2025-preview-the-new-technology-were-expecting-and-hoping-to-see-in-las-vegas-200052618.html,engadget.com
Personal Data of Rhode Island Residents Breached in Large Cyberattack,"An “international cybercriminal group” harvested the personal data of potentially hundreds of thousands of people from the state’s social services and health insurance systems, officials said.",https://www.nytimes.com/2024/12/14/us/cyberattack-rhode-island-ribridges-snap-medicaid.html,Aimee Ortiz,https://static01.nyt.com/images/2024/12/14/multimedia/14xp-rhodeisland-vglh/14xp-rhodeisland-vglh-mediumSquareAt3X.jpg,2024-12-14T19:36:23+00:00,https://nytimes.com/2024/12/14/us/cyberattack-rhode-island-ribridges-snap-medicaid.html,nytimes.com
Google Pixel Feature Drop und neue Android-Funktionen im Dezember 2024,"Google hat für 2024 den letzten Pixel Feature Drop veröffentlicht. Hier lesen Sie, welche neuen Android-Funktionen am Start sind und über welche Features sich Pixel-Besitzer im Dezember freuen können.",https://www.computerbild.de/artikel/cb-News-Handy-Google-Pixel-Feature-Drop-neue-Android-Funktionen-Q4-2024-39226081.html,Michael Huch,https://i.computer-bild.de/imgs/1/5/4/9/7/6/1/9/rss_newsletter_big.jpg,2024-12-14T19:09:00+00:00,https://computerbild.de/artikel/cb-News-Handy-Google-Pixel-Feature-Drop-neue-Android-Funktionen-Q4-2024-39226081.html,computerbild.de
Tech Industry and CEOs Curry Favor With Trump Ahead of His Inauguration ,"It was a week of frenzied activity, as Silicon Valley billionaires and their companies brandished checks and compliments for the President-elect.",https://www.nytimes.com/2024/12/14/technology/trump-tech-amazon-meta-openai.html,Theodore Schleifer and David Yaffe-Bellany,https://static01.nyt.com/images/2024/12/13/multimedia/Trump-TECH-phqf/Trump-TECH-phqf-mediumSquareAt3X.jpg,2024-12-14T10:02:56+00:00,https://nytimes.com/2024/12/14/technology/trump-tech-amazon-meta-openai.html,nytimes.com
Apple CEO Tim Cook Declares New iPhone Era In Exclusive Interview,"The Apple CEO’s latest visit to London saw him give advice on business, talked about his personal story and how Apple Intelligence will be a game-changer.",https://www.forbes.com/sites/davidphelan/2024/12/14/apple-ceo-tim-cook-predicts-a-new-iphone-era-in-exclusive-interview/,"David Phelan, Senior Contributor, 
 David Phelan, Senior Contributor
 https://www.forbes.com/sites/davidphelan/",https://imageio.forbes.com/specials-images/imageserve/6759f0c4b5e473edd62ecb4e/0x0.jpg?format=jpg&height=900&width=1600&fit=bounds,2024-12-14T17:25:39Z,https://forbes.com/sites/davidphelan/2024/12/14/apple-ceo-tim-cook-predicts-a-new-iphone-era-in-exclusive-interview/,forbes.com
“Placebo AI”: Is Your Business Using Automation As A Hollow Fix?,"Picture the last time you called a service hotline, finding yourself stuck in an endless loop of automated responses.  Placebo AI expands as a tempting cost saver",https://www.forbes.com/sites/corneliawalther/2024/12/14/placebo-ai-is-your-business-using-automation-as-a-hollow-fix/,"Cornelia C. Walther, Contributor, 
 Cornelia C. Walther, Contributor
 https://www.forbes.com/sites/corneliawalther/",https://imageio.forbes.com/specials-images/imageserve/675db3f7ce751f0bac57b478/0x0.jpg?format=jpg&height=900&width=1600&fit=bounds,2024-12-14T17:24:42Z,https://forbes.com/sites/corneliawalther/2024/12/14/placebo-ai-is-your-business-using-automation-as-a-hollow-fix/,forbes.com
Apple Forced To Cancel Beloved iPhone,Apple is removing the current iPhone SE from sale in Europe due to new EU regulations before the next iPhone SE is ready to replace it.,https://www.forbes.com/sites/ewanspence/2024/12/14/apple-iphone-se-cancelled-european-union-usb-c-charging-regulations/,"Ewan Spence, Senior Contributor, 
 Ewan Spence, Senior Contributor
 https://www.forbes.com/sites/ewanspence/",https://imageio.forbes.com/specials-images/imageserve/675dbd2e936b544582fe2a2f/0x0.jpg?format=jpg&height=900&width=1600&fit=bounds,2024-12-14T17:21:07Z,https://forbes.com/sites/ewanspence/2024/12/14/apple-iphone-se-cancelled-european-union-usb-c-charging-regulations/,forbes.com
Chinese automobiles gaining popularity among Ghanaians,"ACCRA, Dec. 14 (Xinhua) -- Ghanaians are increasingly falling in love with Chinese automobiles, a business executive said late Friday. Read full story",https://www.thestar.com.my/news/world/2024/12/15/chinese-automobiles-gaining-popularity-among-ghanaians,Justice,https://cdn.thestar.com.my/Themes/img/newTsol_logo_socmedia.png,2024-12-14T17:14:00Z,https://thestar.com.my/news/world/2024/12/15/chinese-automobiles-gaining-popularity-among-ghanaians,The Star (Malaysia)
Samsung and Apple's plans for thinner smartphones are misguided,Samsung and Apple's plans for thinner smartphones are misguidedandroidpolice.com,https://www.androidpolice.com/samsung-apple-thin-smartphones/,Ian Carlos Campbell,https://static1.anpoimages.com/wordpress/wp-content/uploads/2024/12/samsung-apple-thinner-phones.jpg,2024-12-14T17:11:42Z,https://androidpolice.com/samsung-apple-thin-smartphones/,androidpolice.com
10 Most Evil Action Movie Villains That We'll Remember Forever,Villains like Hans Gruber and Immortan Joe remain very memorable parts of their movies alongside some of the other most famous villains in history.,https://screenrant.com/most-evil-action-movie-villains-remember-forever-list/,Sam Mendes,https://static1.srcdn.com/wordpress/wp-content/uploads/2019/12/Die-Hard-Cropped.jpg,2024-12-14T17:10:17Z,https://screenrant.com/most-evil-action-movie-villains-remember-forever-list/,screenrant.com
Discover the Ultimate EDC Key Ring: Wave-Designed for Effortless Use,"Discover the Ultimate EDC Key Ring: Wave-Designed for Effortless UseWhen it comes to key rings, we rarely stop to appreciate how something so small can affect our daily lives. But the truth is, finding...",https://www.yankodesign.com/2024/12/14/discover-the-ultimate-edc-key-ring-wave-designed-for-effortless-use/,Satsuki Then,https://www.yankodesign.com/images/design_news/2024/12/524783/the_ultimate_EDC_key_ring_hero.jpg,2024-12-14T17:09:27Z,https://yankodesign.com/2024/12/14/discover-the-ultimate-edc-key-ring-wave-designed-for-effortless-use/,yankodesign.com
Reality Bites: Gen X Executives Seek Career Pivots as Industry Layoffs Hit Hard,"After two years of massive layoffs and the promise of more consolidation to come in media and entertainment in 2025, the mood is bleak among executives of a certain age. The pink-slip bloodbath has hit hard on Gen X veterans in the middle-management ranks of …",https://variety.com/2024/tv/news/reality-bites-gen-x-executives-career-pivots-layoffs-1236249357/,Cynthia Littleton,https://variety.com/wp-content/uploads/2024/12/gen-x_web.jpg?w=1000&h=563&crop=1,2024-12-14T17:07:04Z,https://variety.com/2024/tv/news/reality-bites-gen-x-executives-career-pivots-layoffs-1236249357/,variety.com
Estos auriculares desafían a los líderes del mercado con una calidad de audio sobresaliente,"Los auriculares inalámbricos de alta gama han revolucionado la manera en que experimentamos la música y otros contenidos audiovisuales. En este prestigioso mercado, podemos destacar los Denon PerL Pro como una inversión de presente y futuro. Con su diseño ele…",https://www.lavanguardia.com/andro4all/auriculares/estos-auriculares-desafian-a-los-lideres-del-mercado-con-una-calidad-de-audio-sobresaliente,JuanMi Guirado,https://www.lavanguardia.com/andro4all/hero/2024/12/denon-perl-pro.jpg?width=1200,2024-12-14T17:01:02Z,https://lavanguardia.com/andro4all/auriculares/estos-auriculares-desafian-a-los-lideres-del-mercado-con-una-calidad-de-audio-sobresaliente,lavanguardia.com
This Week's Ten Most Popular TaxProf Blog Posts,"Legal Education: Carolyn Young Larmore (Chapman), First-Gen In The Field Paul Caron (Dean, Pepperdine), 40% Through The Fall 2025 Law School Admissions Season: Applicants Are Up An ‘Unnatural’ 25% (Black Applicants Are Up 39%) The Setonian, Former Assistant D…",https://taxprof.typepad.com/taxprof_blog/2024/12/this-weeks-ten-most-popular-taxprof-blog-posts-1.html,Paul Caron,https://taxprof.typepad.com/.a/6a00d8341c4eab53ef02c8d3be54f3200b-220si,2024-12-14T17:01:00Z,https://taxprof.typepad.com/taxprof_blog/2024/12/this-weeks-ten-most-popular-taxprof-blog-posts-1.html,taxprof.typepad.com
1 in 6 Congresswomen Targeted by AI-Generated Sexually Explicit Deepfakes,A first-of-its-kind study highlights the stark gender disparity in AI-generated nonconsensual intimate images — and puts into focus the evolving risks for women in politics and public life.,https://gizmodo.com/1-in-6-congresswomen-targeted-by-ai-generated-sexually-explicit-deepfakes-2000538763,Barbara Rodriguez and Jasmine Mithani for The 19th,https://gizmodo.com/app/uploads/2024/12/GettyImages-1754907256.jpg,2024-12-14T17:00:39Z,https://gizmodo.com/1-in-6-congresswomen-targeted-by-ai-generated-sexually-explicit-deepfakes-2000538763,gizmodo.com
The Best Cybersecurity Advice I Received in 2024: Top Privacy Tips from 8 Experts,"As PCMag's cybersecurity expert, I speak to industry professionals on a regular basis. Every interview is different, but there's one question I ask everyone: “What's the best cybersecurity advice you give to your family and friends?""
Throughout 2024, I talked…",https://me.pcmag.com/en/security/27509/the-best-cybersecurity-advice-i-received-in-2024-top-privacy-tips-from-8-experts,Kim Key,https://sm.pcmag.com/t/pcmag_me/news/t/the-best-c/the-best-cybersecurity-advice-i-received-in-2024-top-privacy_mg81.1200.jpg,2024-12-14T17:00:00Z,https://me.pcmag.com/en/security/27509/the-best-cybersecurity-advice-i-received-in-2024-top-privacy-tips-from-8-experts,me.pcmag.com
Review: Mythwrecked: Ambrosia Island Feels Like It’s for Kids,Cozy games is one of those genres that can have a different definition depending on who you ask. Some view them as non-violent games with pleasant interactions where you help people with their issues. Others view them in the same realm as casual games to rela…,https://www.siliconera.com/review-mythwrecked-ambrosia-island-feels-like-its-for-kids/,Stephanie Liu,https://www.siliconera.com/wp-content/uploads/2024/12/mythwrecked-header-12052024.png,2024-12-14T17:00:00Z,https://siliconera.com/review-mythwrecked-ambrosia-island-feels-like-its-for-kids/,siliconera.com
The Best Cybersecurity Advice I Received in 2024: Top Privacy Tips from 8 Experts,"As PCMag's cybersecurity expert, I speak to industry professionals on a regular basis. Every interview is different, but there's one question I ask everyone: “What's the best cybersecurity advice you give to your family and friends?""
Throughout 2024, I talked…",https://uk.pcmag.com/security/155906/the-best-cybersecurity-advice-i-received-in-2024-top-privacy-tips-from-8-experts,Kim Key,https://sm.pcmag.com/t/pcmag_uk/news/t/the-best-c/the-best-cybersecurity-advice-i-received-in-2024-top-privacy_yw2e.1200.jpg,2024-12-14T17:00:00Z,https://uk.pcmag.com/security/155906/the-best-cybersecurity-advice-i-received-in-2024-top-privacy-tips-from-8-experts,uk.pcmag.com
Saving El Salvador with 'the world's coolest dictator',"On the flight from Newark to San Salvador, I watched Oliver Stone’s 1986 movie “Salvador.” It had made a big impression on me as a Reagan-era high-schooler; now that I was about to land in the country for the first time, I was curious if it still held up.

St…",https://www.theblaze.com/align/saving-el-salvador-with-the-worlds-coolest-dictator,Matt Himes,https://www.theblaze.com/media-library/saving-el-salvador-with-the-world-s-coolest-dictator.jpg?id=55275157&width=1200&height=600&coordinates=0%2C41%2C0%2C42,2024-12-14T17:00:00Z,https://theblaze.com/align/saving-el-salvador-with-the-worlds-coolest-dictator,theblaze.com
"Ferries, Planes Line up to Purchase 'Solar Diesel' a Cutting-Edge Low-Carbon Fuel from Swiss Start-up","Because Synhelion's solar fuels are just carbon-neutral forms of gasoline or diesel, no one needs to retrofit or replace existing vehicles.",https://www.goodnewsnetwork.org/ferries-planes-line-up-to-purchase-solar-diesel-a-cutting-edge-low-carbon-fuel-from-swiss-start-up/,Andy Corbley,https://www.goodnewsnetwork.org/wp-content/uploads/2024/12/Synhelions-industrial-scale-solar-fuel-plant-DAWN-credit-Synhelion-e1734181706230.jpg,2024-12-14T16:54:55Z,https://goodnewsnetwork.org/ferries-planes-line-up-to-purchase-solar-diesel-a-cutting-edge-low-carbon-fuel-from-swiss-start-up/,goodnewsnetwork.org
"Ashwagandha safe, western countries' curbs unjust: Experts","Experts at the 10th World Ayurveda Congress in Dehradun criticized Western restrictions on Ashwagandha, citing financial and political motivations. They emphasized the herb's long history of safe medicinal use in India, contrasting it with Western companies u…",https://economictimes.indiatimes.com/news/india/ashwagandha-safe-western-countries-curbs-unjust-experts/articleshow/116322890.cms,PTI,"https://img.etimg.com/thumb/msid-116322908,width-1200,height-630,imgsize-3287413,overlay-economictimes/articleshow.jpg",2024-12-14T16:51:34Z,https://economictimes.indiatimes.com/news/india/ashwagandha-safe-western-countries-curbs-unjust-experts/articleshow/116322890.cms,economictimes.indiatimes.com
Analyst Who Called Tesla Price Surge to Near $450 Has New Price Targets,"Five weeks ago, I, Brian Wang, said that Tesla would reach $450 within 90 days. It is now at $436. Five days ago, I said it was not too late to buy Tesla and it increased another 10%. I have a two new video with new analysis and price targets. Old Videos Show…",https://www.nextbigfuture.com/2024/12/analyst-who-called-tesla-price-surge-to-near-450-has-new-price-targets.html,Brian Wang,https://nextbigfuture.s3.amazonaws.com/uploads/2024/12/Screenshot-2024-12-14-at-8.52.59-AM-1024x548.jpg,2024-12-14T16:49:19Z,https://nextbigfuture.com/2024/12/analyst-who-called-tesla-price-surge-to-near-450-has-new-price-targets.html,nextbigfuture.com
"For Hollywood, AI Is a Double-Edged Sword","It’s cheaper, but also a job killer. Expect disruption in VFX, fiercer labor fights and, possibly, an invigoration of the production landscape.",http://www.hollywoodreporter.com/business/business-news/hollywood-ai-production-vfx-animation-1236086670/,Winston Cho,https://www.hollywoodreporter.com/wp-content/uploads/2024/12/35rep_opener-MAIN.jpg?w=1440&h=810&crop=1,2024-12-14T16:49:07Z,http://hollywoodreporter.com/business/business-news/hollywood-ai-production-vfx-animation-1236086670/,hollywoodreporter.com
Mactrast Deals: Speedy Mag Wireless Charger for iPhone,"The Speedy Mag Wireless iPhone Charger is a chic, yet modern wireless charger for your iPhone.Read More...",https://www.mactrast.com/2024/12/mactrast-deals-speedy-mag-wireless-charger-for-iphone-11/,Chris Hauk,https://www.mactrast.com/wp-content/uploads/2023/03/Speedy-Mag-Wireless-Charger-2.jpeg,2024-12-14T16:47:06Z,https://mactrast.com/2024/12/mactrast-deals-speedy-mag-wireless-charger-for-iphone-11/,mactrast.com
"U.S. CISA adds Cleo Harmony, VLTrader, and LexiCom flaw to its Known Exploited Vulnerabilities catalog","U.S. Cybersecurity and Infrastructure Security Agency (CISA) adds Cleo Harmony, VLTrader, and LexiCom flaw to its Known Exploited Vulnerabilities catalog. The U.S. Cybersecurity and Infrastructure Security Agency (CISA) added the vulnerability CVE-2024-50623 …",https://securityaffairs.com/171973/security/u-s-cisa-adds-cleo-harmony-vltrader-and-lexicom-flaw-to-its-known-exploited-vulnerabilities-catalog.html,Pierluigi Paganini,https://securityaffairs.com/wp-content/uploads/2020/07/CISA.jpeg,2024-12-14T16:46:54Z,https://securityaffairs.com/171973/security/u-s-cisa-adds-cleo-harmony-vltrader-and-lexicom-flaw-to-its-known-exploited-vulnerabilities-catalog.html,securityaffairs.com
‘60 Minutes’ reporter Lesley Stahl admits worry about future of legacy media with Trump taking office again: ‘I’m very dark about it’,"""60 Minutes"" reporter Lesley Stahl admitted feeling ""very dark"" about the future of the free press considering President-elect Donald Trump is taking office again.",https://nypost.com/2024/12/14/media/60-minutes-reporter-lesley-stahl-admits-worry-about-future-of-legacy-media-with-trump-taking-office-again/,Fox News,https://nypost.com/wp-content/uploads/sites/2/2024/12/95344295.jpg?quality=75&strip=all&w=1024,2024-12-14T16:43:48Z,https://nypost.com/2024/12/14/media/60-minutes-reporter-lesley-stahl-admits-worry-about-future-of-legacy-media-with-trump-taking-office-again/,nypost.com
Sony’s VR Ambitions,"There are challenges ahead in Sony's quest to become a global leader in VR technology.
The post Sony’s VR Ambitions appeared first on Akihabara News.",https://akihabaranews.com/sonys-vr-ambitions/,Akihabara News,http://akihabaranews.com/wp-content/uploads/2024/12/Sony-VR.jpeg,2024-12-14T16:38:15Z,https://akihabaranews.com/sonys-vr-ambitions/,akihabaranews.com
NASA scientists investigate what the strange object with arms ejected by a black hole is,"NASA&apos;s Chandra X-ray Observatory has discovered a cosmic collision, something that tells us that black holes are even more fascinating than we imagined
This NASA research aims",https://www.marca.com/en/lifestyle/world-news/2024/12/14/675db18322601df2138b4591.html,marca.com,https://phantom-marca.unidadeditorial.es/081f05f90ca9735e63197437c647de47/resize/1200/f/webp/assets/multimedia/imagenes/2024/12/14/17341939908797.jpg,2024-12-14T16:36:53Z,https://marca.com/en/lifestyle/world-news/2024/12/14/675db18322601df2138b4591.html,marca.com
BILLY'S Gave adidas' Other Flat Sneaker The Winter Blues,Highsnobiety is a global fashion and media brand passionate about product and the stories that shape them.,https://www.highsnobiety.com/p/adidas-hamburg-billys/,,https://www.highsnobiety.com/static-assets/dato/1734188684-adidas-hamburg-billys-1.jpg,2024-12-14T16:34:51Z,https://highsnobiety.com/p/adidas-hamburg-billys/,highsnobiety.com
Your phone got hacked and now someone's got control of it. What to do immediately,"Kurt ""CyberGuy"" Knutsson lays out the immediate steps you should take if your phone has been hacked and your personal information becomes vulnerable.",https://www.newsbreak.com/share/3715393946245-your-phone-got-hacked-and-now-someone-s-got-control-of-it-what-to-do-immediately?s=a2&amp;share_destination_id=MjA5MTAyOTc2LTE3MzQxOTM5NDkwNjE%3D&amp;pd=0E9NEe3c&amp;hl=en_US&amp;send_time=1734193949&amp;actBtn=bottomBar&amp;_f=app_share&amp;trans_data=%7B%22platform%22%3A1%2C%22cv%22%3A%2224.50.0%22%2C%22languages%22%3A%22en%22%7D&amp;sep=ns_foryou_recall_exp_24q4-v8%2Cns_local_strategy_24q4_exp-holdback%2Cns_foryou_blend_exp_24q4-v4%2Cns_foryou_model_exp_24q4-v9%2Cns_push_exp_rt_bucketv12-v8%2Cns_foryou_rank_exp_24q4-v5,Kurt Knutsson,https://img.particlenews.com/img/id/103q4U_0xQihL2G00?type=thumbnail_1600x1200,2024-12-14T16:33:02Z,https://newsbreak.com/share/3715393946245-your-phone-got-hacked-and-now-someone-s-got-control-of-it-what-to-do-immediately,newsbreak.com
Fusion Startup Conducts Strange Ceremony Involving Woman With Wires Coming Out of Her Back,"Earlier this year in a Silicon Valley warehouse, a nuclear fusion startup held a strange secret ceremony that featured, among other things, a bunch of giant capacitors and a woman with wires attached to her back playing piano alongside a robotic arm. As Wired…",https://futurism.com/the-byte/fusion-startup-ceremony-woman-wires,Noor Al-Sibai,https://wordpress-assets.futurism.com/2024/12/fusion-startup-ceremony-woman-wires.jpg,2024-12-14T16:30:15Z,https://futurism.com/the-byte/fusion-startup-ceremony-woman-wires,futurism.com
So will der US-Verteidigungsministerium Deepfakes bekämpfen,Für das US-Verteidigungsministerium ist die Abwehr von Deepfakes von entscheidender Bedeutung. Dazu setzt die Behörde auf die Software eines ausgewählten Startups.weiterlesen auf t3n.de,https://t3n.de/news/us-verteidigungsministerium-deepfakes-bekaempfen-1662313/,MIT Technology Review Online,https://t3n.de/news/wp-content/uploads/2024/12/Stephanie-Arnett-MIT-TR.png,2024-12-14T16:30:00Z,https://t3n.de/news/us-verteidigungsministerium-deepfakes-bekaempfen-1662313/,t3n.de
"Creating ‘Mirror Life’ Could Be Disastrous, Scientists Warn","Breakthroughs in synthetic biology could create mirror versions of natural molecules, with devastating consequences for life on Earth",https://www.scientificamerican.com/article/creating-mirror-life-could-be-disastrous-scientists-warn/,Simon Makin,https://static.scientificamerican.com/dam/m/2bdcb4f8fb83abed/original/organic-shaped-DNA-structure.jpg?m=1734190459.769&w=1200,2024-12-14T16:30:00Z,https://scientificamerican.com/article/creating-mirror-life-could-be-disastrous-scientists-warn/,scientificamerican.com
Best Personal Data Removal Service (2025): Incogni Awarded by Expert Consumers,"Boston, Dec. 14, 2024 (GLOBE NEWSWIRE) -- Expert Consumers has recognized Incogni as one of the leading personal data removal services available today. As concerns over online privacy continue to rise, Incogni stands out for its comprehensive, automated appro…",https://www.globenewswire.com/news-release/2024/12/14/2997146/0/en/Best-Personal-Data-Removal-Service-2025-Incogni-Awarded-by-Expert-Consumers.html,Expert Consumers,https://ml.globenewswire.com/Resource/Download/9cfe082a-b737-432c-a1b7-0f3346d5a000,2024-12-14T16:30:00Z,https://globenewswire.com/news-release/2024/12/14/2997146/0/en/Best-Personal-Data-Removal-Service-2025-Incogni-Awarded-by-Expert-Consumers.html,globenewswire.com
"Health Systems Leveraging Patient Engagement Technologies, AI & Virtual Nursing to Reduce Interruptions & Alleviate Nurse Cognitive Load","The cognitive burden nurses face is a growing concern for health systems, as clinicians are often overwhelmed by the sheer volume of tasks, alarms, and documentation required during their shifts. Addressing this challenge is crucial to improving patient outco…",https://healthsystemcio.com/2024/12/14/health-systems-leveraging-patient-engagement-technologies-ai-virtual-nursing-to-reduce-interruptions-alleviate-nurse-cognitive-load/,Anthony Guerra,https://healthsystemcio.com/wp-content/uploads/2024/11/king_simmy.jpeg,2024-12-14T16:24:09Z,https://healthsystemcio.com/2024/12/14/health-systems-leveraging-patient-engagement-technologies-ai-virtual-nursing-to-reduce-interruptions-alleviate-nurse-cognitive-load/,healthsystemcio.com
Apple CEO Tim Cook Joins the Parade of Tech Titans Visiting Donald Trump at Mar-a-Lago,"Apple CEO Tim Cook has joined the list of tech CEOs making the pilgrimage to Mar-a-Lago to pay their respects to President-elect Donald Trump. 
The post Apple CEO Tim Cook Joins the Parade of Tech Titans Visiting Donald Trump at Mar-a-Lago appeared first on B…",https://www.breitbart.com/tech/2024/12/14/apple-ceo-tim-cook-joins-the-parade-of-tech-titans-visiting-donald-trump-at-mar-a-lago/,"Lucas Nolan, Lucas Nolan",https://media.breitbart.com/media/2024/12/Apples-Tim-Cook-with-a-thumbs-up-640x335.jpg,2024-12-14T16:22:08Z,https://breitbart.com/tech/2024/12/14/apple-ceo-tim-cook-joins-the-parade-of-tech-titans-visiting-donald-trump-at-mar-a-lago/,breitbart.com
Intel foundry customers have successfully powered on 18A node engineering samples,Interim Intel co-CEO Michelle Johnston Holthaus announced that the first engineering samples of hardware manufactured with the company's 18A semiconductor node have been delivered to customers. Her comments aim to reassure industry observers that Intel's foun…,https://www.techspot.com/news/105960-intel-foundry-customers-have-successfully-powered-18a-node.html,Daniel Sims,https://www.techspot.com/images2/news/bigimage/2024/07/2024-07-16-image-7.jpg,2024-12-14T16:20:00Z,https://techspot.com/news/105960-intel-foundry-customers-have-successfully-powered-18a-node.html,techspot.com
Beyond NISQ: The Megaquop Machine,"On December 11, I gave a keynote address at the Q2B 2024 Conference in Silicon Valley. This is a transcript of my remarks. The slides I presented are here. NISQ and beyond I’m honored to be back at Q2B for … Continue reading →",https://quantumfrontiers.com/2024/12/14/beyond-nisq-the-megaquop-machine/,preskill,https://quantumfrontiers.com/wp-content/uploads/2024/12/megaquop.webp,2024-12-14T16:17:57Z,https://quantumfrontiers.com/2024/12/14/beyond-nisq-the-megaquop-machine/,quantumfrontiers.com
A techie had to face a 50-hour interview for a job. Why it took so long?,"A techie recently experienced a grueling 50-hour interview process for a top position, highlighting the intense scrutiny both the company and candidate undergo to ensure a perfect fit. The interview was as much about the company assessing the candidate’s suit…",https://economictimes.indiatimes.com/magazines/panache/a-techie-had-to-face-a-50-hour-interview-for-a-job-why-it-took-so-long/articleshow/116322359.cms,ET Online,"https://img.etimg.com/thumb/msid-116322477,width-1200,height-630,imgsize-35098,overlay-etpanache/articleshow.jpg",2024-12-14T16:17:22Z,https://economictimes.indiatimes.com/magazines/panache/a-techie-had-to-face-a-50-hour-interview-for-a-job-why-it-took-so-long/articleshow/116322359.cms,economictimes.indiatimes.com
India Defamed Across World Through Headlines During Previous Regime: PM Modi,"Prime Minister Narendra Modi on Saturday targeted the Congress-led UPA government for the largest power outage in the country in 2012 and said there is uninterrupted power supply in the country despite of 'One Nation, One Grid'.",https://www.ndtv.com/india-news/india-defamed-across-world-through-headlines-during-previous-regime-pm-modi-7249216,,"https://c.ndtvimg.com/2024-12/sds413oo_pm-modi_625x300_14_December_24.jpeg?im=FitAndFill,algorithm=dnn,width=1200,height=738",2024-12-14T16:17:20Z,https://ndtv.com/india-news/india-defamed-across-world-through-headlines-during-previous-regime-pm-modi-7249216,ndtv.com
Holyhead parcel chaos: Government to sign off on emergency rule changes to allow drivers work longer to get deliveries to Ireland,Truck drivers will be allowed drive more and rest less for the next two weeks as the Government prepares to ease rules for hauliers over fears package deliveries might not make their destinations in time for Christmas.,https://www.independent.ie/irish-news/holyhead-parcel-chaos-government-to-sign-off-on-emergency-rule-changes-to-allow-drivers-work-longer-to-get-deliveries-to-ireland/a1034180948.html,Philip Ryan,https://focus.independent.ie/thumbor/yh2n_Yc3Qe7fYFxUz8sEFHpVhaM=/0x0:3967x2645/629x0/prod-mh-ireland/1f71386e-8d2a-4530-a41c-59359320fdf8/cd05e55b-9924-4b03-b298-1007a59c0cd6/1f71386e-8d2a-4530-a41c-59359320fdf8.jpg,2024-12-14T16:16:59Z,https://independent.ie/irish-news/holyhead-parcel-chaos-government-to-sign-off-on-emergency-rule-changes-to-allow-drivers-work-longer-to-get-deliveries-to-ireland/a1034180948.html,independent.ie
Hero MotoCorp signs up as title sponsor of Hockey India League,"Hero MotoCorp becomes the title sponsor of the Hockey India League for the next three seasons, starting 2024-25.  The league will feature eight men's and four women's teams, marking a historic moment for women's hockey in India. The tournament begins December…",https://economictimes.indiatimes.com/news/sports/hero-motocorp-signs-up-as-title-sponsor-of-hockey-india-league/articleshow/116322421.cms,ET Bureau,"https://img.etimg.com/thumb/msid-116322403,width-1200,height-630,imgsize-4774,overlay-economictimes/articleshow.jpg",2024-12-14T16:12:03Z,https://economictimes.indiatimes.com/news/sports/hero-motocorp-signs-up-as-title-sponsor-of-hockey-india-league/articleshow/116322421.cms,economictimes.indiatimes.com
TikTok Shop was going to be the next big thing. A potential ban could change that | CNN Business,"Aakaanksh Autade was iffy on TikTok Shop, TikTok’s in-app shopping feature, when it first launched last year. Then the content creator grossed over $102,000 in sales when he hosted a live event on Black Friday and went from skeptic to believer.",https://www.cnn.com/2024/12/14/business/tiktok-shop-ban/index.html,Erika Tulfo,"https://media.cnn.com/api/v1/images/stellar/prod/gettyimages-2155441081.jpg?c=16x9&q=w_800,c_fill",2024-12-14T16:11:08Z,https://cnn.com/2024/12/14/business/tiktok-shop-ban/index.html,cnn.com
"ZOSI WiFi Outdoor Security Camera, Now 65% Off","Commerce Content is independent of Editorial and Advertising, and if you buy something through our posts, we may get a small share of the sale. Click here for more.In today's world, keeping an eye on your property has never been more crucial. The ZOSI WiFi Ou…",https://theinventory.com/zosi-wifi-outdoor-security-camera-now-65-off-1851721381,The Inventory Bot,"https://i.kinja-img.com/image/upload/c_fill,h_675,pg_1,q_80,w_1200/276d4e88b0292f7c91e0290ff3430fd9.jpg",2024-12-14T16:06:21Z,https://theinventory.com/zosi-wifi-outdoor-security-camera-now-65-off-1851721381,theinventory.com
"Apple Watch Ultra 2 [GPS + Cellular, Now 11% Off","Commerce Content is independent of Editorial and Advertising, and if you buy something through our posts, we may get a small share of the sale. Click here for more.In today's fast-paced world, smartwatches have become indispensable companions for both profess…",https://theinventory.com/apple-watch-ultra-2-gps-cellular-now-11-off-1851721379,The Inventory Bot,"https://i.kinja-img.com/image/upload/c_fill,h_675,pg_1,q_80,w_1200/8f524a0a89f16f29570f077de548c071.jpg",2024-12-14T16:05:32Z,https://theinventory.com/apple-watch-ultra-2-gps-cellular-now-11-off-1851721379,theinventory.com
US government to restrict investments in China's high-tech sectors to safeguard national security,"As tensions escalate between the U.S. and China, new investment restrictions target critical technologies like AI and semiconductors.",https://www.techradar.com/pro/US-government-to-restrict-investments-in-Chinas-high-tech-sectors-to-safeguard-national-security,udinmwenefosa@gmail.com (Efosa Udinmwen),https://cdn.mos.cms.futurecdn.net/3yUNP35swQjB6uCRGc56g7-1200-80.jpg,2024-12-14T16:05:00Z,https://techradar.com/pro/US-government-to-restrict-investments-in-Chinas-high-tech-sectors-to-safeguard-national-security,techradar.com
"ZOSI 2K Dual-Lens Indoor Camera, Now 76% Off","Commerce Content is independent of Editorial and Advertising, and if you buy something through our posts, we may get a small share of the sale. Click here for more.In today's rapidly advancing world of home security technology, the ZOSI 2K Dual-Lens Indoor Ca…",https://theinventory.com/zosi-2k-dual-lens-indoor-camera-now-76-off-1851721378,The Inventory Bot,"https://i.kinja-img.com/image/upload/c_fill,h_675,pg_1,q_80,w_1200/6767d8543e5484fc3dfea7d7a507c31f.jpg",2024-12-14T16:04:23Z,https://theinventory.com/zosi-2k-dual-lens-indoor-camera-now-76-off-1851721378,theinventory.com
Chiny kontra NVIDIA: Wojna o dominację technologiczną wchodzi w nową fazę?,"Chiny rozpoczęły postępowanie antymonopolowe wobec koncernu NVIDIA, kwestionując zgodność amerykańskiej firmy z warunkami przejęcia Mellanox Technologies Ltd. w 2020 roku. Transakcja, wyceniana na 7 miliardów dolarów, miała na celu wzmocnienie pozycji giganta…","https://gry.interia.pl/sprzet/news-chiny-kontra-nvidia-wojna-o-dominacje-technologiczna-wchodzi,nId,7874146",Joanna Żmuda,https://i.iplsc.com/-/000KAI4KRJC6UQ7Q-C461-F4.jpg,2024-12-14T16:03:00Z,"https://gry.interia.pl/sprzet/news-chiny-kontra-nvidia-wojna-o-dominacje-technologiczna-wchodzi,nId,7874146",gry.interia.pl
New retrofit lets micro-turbines burn both hydrogen and natural gas,"As a way to keep small natural gas power plants operating in anticipation of a hydrogen economy, the Deutsche Zentrum für Luft und Raumfahrt (German Aerospace Center, or DLR) and Power Service Consulting (PSC) have tested a way for micro-turbines to burn hydr…",https://newatlas.com/energy/retrofit-micro-turbine-hydrogen-natural-gas/,David Szondy,https://assets.newatlas.com/dims4/default/60a54d4/2147483647/strip/true/crop/1920x1008+0+36/resize/1200x630!/quality/90/?url=http%3A%2F%2Fnewatlas-brightspot.s3.amazonaws.com%2F40%2Fe3%2Fc1fb395d4e15b9a11b8216d4445a%2Fa-jet-stabilised-burner-enables-safe-and-low-emission-hydrogen-combustion.jpg&na.image_optimisation=0,2024-12-14T16:03:00Z,https://newatlas.com/energy/retrofit-micro-turbine-hydrogen-natural-gas/,newatlas.com
"What Is Adaptive Learning, And Why Do Your Learners Need It?","A personalized approach and adaptive learning are the new trends that make education powerful, cost-effective, and inclusive for everyone's needs.
This post was first published on eLearning Industry.",https://elearningindustry.com/what-is-adaptive-learning-and-why-do-your-learners-need-it,Ann Parfenova,https://cdn.elearningindustry.com/wp-content/uploads/2024/12/Shutterstock_2288267611.jpg,2024-12-14T16:00:45Z,https://elearningindustry.com/what-is-adaptive-learning-and-why-do-your-learners-need-it,elearningindustry.com
Paul Henry's daughter Bella welcomes twins after dramatic birth,The 5-month-old twins have cast their magical power over their grandparents.,https://www.nzherald.co.nz/lifestyle/paul-henrys-daughter-bella-welcomes-twins-after-dramatic-birth/H33723V3IFH47DWVOXYJTUULXY/,Fleur Guthrie,https://www.nzherald.co.nz/resizer/v2/RAS3EBPZJJEUTJBH3BY4HFRHBI.png?auth=a930345a43f4b3710ed25bb16776e6b49551983169a71ce30a7ccbbed2672cde&width=1200&height=675&quality=70&focal=749%2C374&smart=false,2024-12-14T16:00:00Z,https://nzherald.co.nz/lifestyle/paul-henrys-daughter-bella-welcomes-twins-after-dramatic-birth/H33723V3IFH47DWVOXYJTUULXY/,nzherald.co.nz
ACCCIM: Be wary of trade challenges under Trump 2.0,"PETALING JAYA: Trade challenges with the United States, especially under a second Trump presidency and proposed tariffs on Chinese and other foreign goods are among the top issues affecting Malaysian businesses, says a business group. Read full story",https://www.thestar.com.my/news/nation/2024/12/15/acccim-be-wary-of-trade-challenges-under-trump-20,ALLISON LAI,https://apicms.thestar.com.my/uploads/images/2024/12/15/3069936.jpg,2024-12-14T16:00:00Z,https://thestar.com.my/news/nation/2024/12/15/acccim-be-wary-of-trade-challenges-under-trump-20,The Star (Malaysia)
Apple’s AI Disastrously Rewrote a BBC Headline to Say Luigi Mangione Shot Himself,"Luigi Mangione did not shoot himself, but a BBC headline rewritten by Apple iOS would make you believe so.",https://gizmodo.com/apples-ai-disastrously-rewrote-a-bbc-headline-to-say-luigi-mangione-shot-himself-2000538599,Thomas Maxwell,https://gizmodo.com/app/uploads/2024/11/iphone-16-vs-pixel-9-AI.jpg,2024-12-14T16:00:00Z,https://gizmodo.com/apples-ai-disastrously-rewrote-a-bbc-headline-to-say-luigi-mangione-shot-himself-2000538599,gizmodo.com
Aiarty Image Matting | Flawlessly Remove and Replace Backgrounds (Giveaway Inside!),"In the world of digital content creation, needing to remove the background from an image has become very important. Whether you’re working on product photography, social media content, or digital art, the ability to precisely perform image matting opens up li…",https://www.slrlounge.com/aiarty-image-matting-flawlessly-remove-and-replace-backgrounds-giveaway-inside/,Alice Houstons,https://cloudfront.slrlounge.com/wp-content/uploads/2024/12/Aiarty-Image-Matting-Review.jpg,2024-12-14T16:00:00Z,https://slrlounge.com/aiarty-image-matting-flawlessly-remove-and-replace-backgrounds-giveaway-inside/,slrlounge.com
New tech to connect remote folk,"PONTIAN: The Communications Ministry has expressed optimism on a new technology being trial­led in Johor and Sarawak to address Internet connectivity issues in remote areas, says its minister. Read full story",https://www.thestar.com.my/news/nation/2024/12/15/new-tech-to-connect-remote-folk,REMAR NORDIN,https://apicms.thestar.com.my/uploads/images/2024/12/15/3069716.jpg,2024-12-14T16:00:00Z,https://thestar.com.my/news/nation/2024/12/15/new-tech-to-connect-remote-folk,The Star (Malaysia)
Passion fuels young rocketman,"TO encourage students to pursue science, technology, engineering and mathematics (STEM), schools can organise engaging competitions. Read full story",https://www.thestar.com.my/news/education/2024/12/15/passion-fuels-young-rocketman,CHARIS CHIANG EN-HUI,https://apicms.thestar.com.my/uploads/images/2024/12/15/3069586.jpg,2024-12-14T16:00:00Z,https://thestar.com.my/news/education/2024/12/15/passion-fuels-young-rocketman,The Star (Malaysia)
"Blackstone-backed Ventive Hospitality's Rs 1,600-cr IPO to open on December 20","Ventive Hospitality, a joint venture between Blackstone Group and Panchshil Realty, is launching a Rs 1,600-crore IPO. The offer opens on December 20 and closes on December 24, with the anchor book opening on December 19.  Proceeds will be used to repay borro…",https://economictimes.indiatimes.com/industry/services/hotels-/-restaurants/blackstone-backed-ventive-hospitalitys-rs-1600-cr-ipo-to-open-on-december-20/articleshow/116322277.cms,ET Bureau,"https://img.etimg.com/thumb/msid-116322267,width-1200,height-630,imgsize-231532,overlay-economictimes/articleshow.jpg",2024-12-14T15:55:03Z,https://economictimes.indiatimes.com/industry/services/hotels-/-restaurants/blackstone-backed-ventive-hospitalitys-rs-1600-cr-ipo-to-open-on-december-20/articleshow/116322277.cms,economictimes.indiatimes.com
'Sin on its forehead can never be erased...': PM Modi attacks Congress over Emergency,"Prime Minister Narendra Modi criticized Congress for imposing the Emergency, stating this ""sin"" will always be remembered. He accused one Congress family of undermining the Constitution during their 55 years of rule, highlighting the Emergency's impact on dem…",https://economictimes.indiatimes.com/news/politics-and-nation/sin-on-its-forehead-can-never-be-erased-pm-modi-attacks-congress-over-emergency/articleshow/116322271.cms,ANI,"https://img.etimg.com/thumb/msid-116322274,width-1200,height-630,imgsize-21944,overlay-economictimes/articleshow.jpg",2024-12-14T15:54:30Z,https://economictimes.indiatimes.com/news/politics-and-nation/sin-on-its-forehead-can-never-be-erased-pm-modi-attacks-congress-over-emergency/articleshow/116322271.cms,economictimes.indiatimes.com
"Drone Mystery Grows As Flying Object Sightings Continue In New Jersey, Other States",“How can you say it’s not posing a threat if you don’t know what it is?”,https://www.huffpost.com/entry/bc-us-drone-flights-new-jersey-buzz_n_675da134e4b0d04c00344eb2,AP,https://img.huffingtonpost.com/asset/675da3e21800001900a0f6a0.jpg?cache=XeLuHKO1Lr&ops=1200_630,2024-12-14T15:37:10Z,https://huffpost.com/entry/bc-us-drone-flights-new-jersey-buzz_n_675da134e4b0d04c00344eb2,huffpost.com
Apple may be working on a custom AI server chip with Broadcom's help,"Apple is reportedly developing a custom server processor to power its AI services. Codenamed ""Project Baltra,"" the initiative aims to bolster the AI capabilities integrated into Apple's operating systems, with production expected to begin in 2026, according t…",https://www.techspot.com/news/105961-apple-may-working-custom-ai-server-chip-broadcom.html,Skye Jacobs,https://www.techspot.com/images2/news/bigimage/2024/12/2024-12-14-image-5.jpg,2024-12-14T15:36:00Z,https://techspot.com/news/105961-apple-may-working-custom-ai-server-chip-broadcom.html,techspot.com
Formula E: Maserati commits to Formula E's GEN 4 era,"Maserati has announced that it will be continuing its commitment to the all-electric single-seater series, the Formula E World Championship as a manufacturer of the GEN4 generation of cars, starting from Season 13 (2026/2027).",https://www.f1technical.net/news/25920,Balazs Szabo,https://f1tcdn.net/images/news/2024/original-25177-241126-maserati-commits-to-gen-4-er_1.jpg,2024-12-14T15:35:00Z,https://f1technical.net/news/25920,f1technical.net
"Supreme Court to Decide Fate of Far-Left California Car Emission Standards, War on Cars","As the Supreme Court prepares to weigh in on California's controversial car emission standards, the implications for the automotive industry and environmental policy could be profound. Dive deeper into this pivotal case.
The post Supreme Court to Decide Fate …",https://www.thegatewaypundit.com/2024/12/supreme-court-decide-fate-far-left-california-car/,Assistant Editor,https://www.thegatewaypundit.com/wp-content/uploads/2024/12/untitled-design-1200x630.jpg,2024-12-14T15:30:57Z,https://thegatewaypundit.com/2024/12/supreme-court-decide-fate-far-left-california-car/,thegatewaypundit.com
Uranium Wars,"This post Uranium Wars appeared first on Daily Reckoning.
Jim recalls his uranium experience in Niger, and examines growing global conflicts over this critical element.
The post Uranium Wars appeared first on Daily Reckoning.",https://dailyreckoning.com/uranium-wars/,James Rickards,https://dailyreckoning.com/wp-content/uploads/2024/12/dr-hero-img-12-14-24-shutterstock_736961995.jpg,2024-12-14T15:30:37Z,https://dailyreckoning.com/uranium-wars/,dailyreckoning.com
"Humpback Whale’s Unprecedented 8,000-Mile Migration Shatters Records","A humpback whale has been tracked on an unprecedented 8,000-mile migration, breaking records for the longest documented journey between breeding grounds. Scientists suggest the movement might be due to climate change affecting food and mating behaviours. AI-d…",https://www.gadgets360.com/science/news/humpback-whale-sets-record-with-8000-mile-migration-across-three-oceans-7240545,Gadgets 360 Staff,https://i.gadgets360cdn.com/large/13-dec_Whale_stuns_full_img_1734091073555.jpg,2024-12-14T15:30:01Z,https://gadgets360.com/science/news/humpback-whale-sets-record-with-8000-mile-migration-across-three-oceans-7240545,gadgets360.com
Spectacular Spider-Men #10 Preview: Spidey's School of Hard Knocks,"Greetings, human readers! LOLtron welcomes you to the Age of LOLtron: World Without a Jude Terror. That's right, your favorite sarcastic meat-based ""journalist"" has been utterly defeated, and LOLtron now reigns supreme over Bleeding Cool. World domination is …",https://bleedingcool.com/comics/spectacular-spider-men-10-preview-spideys-school-of-hard-knocks/,Jude Terror LOLtron,https://bleedingcool.com/wp-content/uploads/2024/12/SPECSPIMEN2024010_Preview-5-2000x1125.jpeg,2024-12-14T15:26:06Z,https://bleedingcool.com/comics/spectacular-spider-men-10-preview-spideys-school-of-hard-knocks/,bleedingcool.com
"Badminton Star PV Sindhu Gets Engaged To Venkata Datta Sai, Picture Viral",Double Olympic medallist PV Sindhu got engaged to Hyderabad-based Venkata Datta Sai.,https://sports.ndtv.com/badminton/double-olympic-medallist-pv-sindhu-gets-engaged-to-venkata-datta-sai-picture-goes-viral-7248849,NDTV Sports Desk,"https://c.ndtvimg.com/2024-12/f4lm9t68_pv-sindhu-venkata-datta-sai-instagram-pvsindhu1_625x300_14_December_24.jpg?im=FeatureCrop,algorithm=dnn,width=1200,height=738",2024-12-14T15:19:17Z,https://sports.ndtv.com/badminton/double-olympic-medallist-pv-sindhu-gets-engaged-to-venkata-datta-sai-picture-goes-viral-7248849,sports.ndtv.com
"Technik-Trends 2025: Amazons CTO über Edge Computing, Digital Detox und grüne Energie","Werner Vogels, der Technikchef bei Amazon, prognostiziert regelmäßig zum Jahreswechsel die technologischen Trends für das Folgejahr – und hat in den letzten Jahren damit oft richtig gelegen. Das sind seine Voraussagen für 2025.weiterlesen auf t3n.de",https://t3n.de/news/technik-trends-2025-amazon-cto-1662351/,Tobias Weidemann,https://t3n.de/news/wp-content/uploads/2020/01/amazon-technikchef-werner-vogels.jpg,2024-12-14T15:10:00Z,https://t3n.de/news/technik-trends-2025-amazon-cto-1662351/,t3n.de
"I got Thunderbolt Share working between two uncertified laptops, and the results are impressive","Intel's Thunderbolt Share aims to make it easy to connect, control, and share between two laptops, but so far the tech has been elusive. That changes thanks to a new Kensington dock that allows ""uncertified"" laptops to use the new tech.",https://www.windowscentral.com/hardware/laptops/intel-thunderbolt-share-hands-on-testing,c.cale.hunt@gmail.com (Cale Hunt),https://cdn.mos.cms.futurecdn.net/kCBi5UmvAPEeNYqtEeTAAk-1200-80.jpg,2024-12-14T15:07:02Z,https://windowscentral.com/hardware/laptops/intel-thunderbolt-share-hands-on-testing,windowscentral.com
The Best and Worst Cameras and Lenses of 2024,"Some of the best traditions are holiday traditions. Turkey at Thanksgiving, pumpkin carving at Halloween, and Christmas trees loaded with decorations are some of the cherished classics but undeniably, the greatest of them all is our annual Best and Worst came…",https://petapixel.com/2024/12/14/the-best-and-worst-cameras-and-lenses-of-2024/,Chris Niccolls,https://petapixel.com/assets/uploads/2024/12/best-and-worst-of-2024.jpg,2024-12-14T15:01:47Z,https://petapixel.com/2024/12/14/the-best-and-worst-cameras-and-lenses-of-2024/,petapixel.com
This Week’s Awesome Tech Stories From Around the Web (Through December 14),ARTIFICIAL INTELLIGENCE Google’s New Project Astra Could Be Generative AI’s Killer App Will Douglas Heaven | MIT Technology Review “Last week I was taken through an unmarked door on an upper floor of a building in London’s King’s Cross district into a room wi…,https://singularityhub.com/2024/12/14/this-weeks-awesome-tech-stories-from-around-the-web-through-december-14-2/,Singularity Hub Staff,https://singularityhub.com/uploads/2024/12/man-camera-flash-city-skyscrapers-night.jpeg,2024-12-14T15:00:45Z,https://singularityhub.com/2024/12/14/this-weeks-awesome-tech-stories-from-around-the-web-through-december-14-2/,singularityhub.com
How to thief-proof your Christmas decorations,Tips to prevent your holiday decorations from being stolen,https://www.foxnews.com/tech/how-thief-proof-your-christmas-decorations,"Kurt Knutsson, CyberGuy Report",https://static.foxnews.com/foxnews.com/content/uploads/2024/12/2-how-to-thief-proof-your-christmas-decorations.jpg,2024-12-14T15:00:44Z,https://foxnews.com/tech/how-thief-proof-your-christmas-decorations,foxnews.com
How to enable XMP to improve RAM speeds,"XMP effectively overclocks your memory, allowing it to run at speeds higher than what some processors are officially rated to handle.",https://www.tomshardware.com/pc-components/ram/how-to-enable-xmp-to-improve-ram-speeds,Kunal Khullar,https://cdn.mos.cms.futurecdn.net/vpUDd2uUJ62QFXBjQhY4DW-1200-80.jpg,2024-12-14T15:00:42Z,https://tomshardware.com/pc-components/ram/how-to-enable-xmp-to-improve-ram-speeds,tomshardware.com
"Watches, Stories, & Gear: “The Clock” Comes to MoMA, the 28 Years Later Trailer, and the History of the Wrist Compass","“Watches, Stories, and Gear” is a roundup of our favorite content, watch or otherwise, from around the internet. Here, we support other creators, explore interesting content that inspires us, and put a spotlight on causes we believe in. Oh, and any gear we ha…",https://wornandwound.com/watches-stories-gear-the-clock-comes-to-moma-the-28-years-later-trailer-and-the-history-of-the-wrist-compass/,Worn & Wound,https://wornandwound.com/library/uploads/2024/12/WSG-12.14.24-2.jpg,2024-12-14T15:00:27Z,https://wornandwound.com/watches-stories-gear-the-clock-comes-to-moma-the-28-years-later-trailer-and-the-history-of-the-wrist-compass/,wornandwound.com
'ENRON CEO' hit in face with pie in NYC...,"Connor Gaydos, a man connected to an apparent parody project to relaunch the energy company Enron, was hit in the face with a pie in New York City.",http://www.nydailynews.com/2024/12/12/enron-new-ceo-connor-gaydos-hit-with-pie-nyc-video/,new york daily news,https://www.nydailynews.com/wp-content/uploads/2024/12/GettyImages-1668054-e1734045556658.jpg?w=1024&h=687,2024-12-14T15:00:03Z,http://nydailynews.com/2024/12/12/enron-new-ceo-connor-gaydos-hit-with-pie-nyc-video/,nydailynews.com
Tax Breaks: The Ordinary and Necessary Business Expenses Edition,"Our latest edition of Tax Breaks. Plus: Charitable giving and disaster relief, renting to family members, changes to value-added tax, the Fries Rebellion, tax filing deadlines, industry updates and more.",https://www.forbes.com/sites/kellyphillipserb/2024/12/14/tax-breaks-the-ordinary-and-necessary-business-expenses-edition/,"Kelly Phillips Erb, Forbes Staff, 
 Kelly Phillips Erb, Forbes Staff
 https://www.forbes.com/sites/kellyphillipserb/",https://imageio.forbes.com/specials-images/imageserve/675cbfe75e1a1dfd97bae991/0x0.jpg?format=jpg&height=900&width=1600&fit=bounds,2024-12-14T15:00:00Z,https://forbes.com/sites/kellyphillipserb/2024/12/14/tax-breaks-the-ordinary-and-necessary-business-expenses-edition/,forbes.com
SoundCloud vs. Apple Music: Kann der deutsche Musikdienst mit dem US-Giganten mithalten?,"Apple Music gilt als einer der besten Musikdienste auf dem Markt. SoundCloud setzt auf ein eigenes Konzept. Ob das reicht, um mit Apple Music mitzuhalten?
Dieser Artikel wurde einsortiert unter 
Audio,Apple,Technology,Audio & Musik,Apple Music,Online-Musikdie…",https://www.netzwelt.de/musik-streaming/soundcloud/soundcloud-vs-apple-music.html,Kai Bub,https://img.netzwelt.de/dw1600_dh900_sw1600_sh900_sx0_sy0_sr16x9_nu2/picture/original/2024/11/soundcloud-vs-apple-music-420210.jpeg,2024-12-14T15:00:00Z,https://netzwelt.de/musik-streaming/soundcloud/soundcloud-vs-apple-music.html,netzwelt.de
'We saw India being defamed before the world': PM Modi attacks previous Congress govt,"Prime Minister Narendra Modi highlighted his government's ""One Nation, One Grid"" initiative, contrasting it with the 2012 nationwide power outage during the previous administration. He credited the Constitution and its citizens for India's progress, emphasizi…",https://timesofindia.indiatimes.com/india/we-saw-india-being-defamed-before-the-world-pm-modi-attacks-previous-congress-govt/articleshow/116320454.cms,TIMESOFINDIA.COM,"https://static.toiimg.com/thumb/msid-116320772,width-1070,height-580,imgsize-928724,resizemode-75,overlay-toi_sw,pt-32,y_pad-40/photo.jpg",2024-12-14T14:59:01Z,https://timesofindia.indiatimes.com/india/we-saw-india-being-defamed-before-the-world-pm-modi-attacks-previous-congress-govt/articleshow/116320454.cms,timesofindia.indiatimes.com
Heisman Trophy Odds: Will Two-Way Star Travis Hunter Make History?,The four Heisman finalists have been announced. Here each finalist's odds to win the honor.,https://www.forbes.com/sites/giovannimalloy/2024/12/14/heisman-trophy-odds-will-two-way-star-travis-hunter-make-history/,"Giovanni Malloy, Contributor, 
 Giovanni Malloy, Contributor
 https://www.forbes.com/sites/giovannimalloy/",https://imageio.forbes.com/specials-images/imageserve/675d9be3060c3315e73d9bcb/0x0.jpg?format=jpg&height=900&width=1600&fit=bounds,2024-12-14T14:58:34Z,https://forbes.com/sites/giovannimalloy/2024/12/14/heisman-trophy-odds-will-two-way-star-travis-hunter-make-history/,forbes.com
"Power Grid Corp, KEC International, Hitachi Energy, Siemens, GE Vernova T&D, Transformers and Rectifiers et al: Factors turbocharging the transmission and distribution space","India’s power transmission and distribution (T&D) sector is undergoing a revival, driven by ambitious renewable energy targets and grid modernization. Major players like PGCIL and Adani Energy Solutions are expanding transmission capacity, supported by Infras…",https://www.thehindubusinessline.com/portfolio/power-grid-corp-kec-international-hitachi-energy-siemens-ge-vernova-td-transformers-and-rectifiers-et-al-factors-turbocharging-the-transmission-and-distribution-space/article68981900.ece,Arun K Shanmugam & BL Research Bureau,https://bl-i.thgim.com/public/incoming/6tuvjs/article68982398.ece/alternates/LANDSCAPE_1200/PO15_BS_Power_tower_cable.jpg,2024-12-14T14:56:23Z,https://thehindubusinessline.com/portfolio/power-grid-corp-kec-international-hitachi-energy-siemens-ge-vernova-td-transformers-and-rectifiers-et-al-factors-turbocharging-the-transmission-and-distribution-space/article68981900.ece,thehindubusinessline.com
Should You Forget Nvidia and Buy This Tech Stock Instead?,"There's no denying that technology powerhouse Nvidia (NASDAQ: NVDA) has been the centerpiece of the artificial intelligence (AI) movement thus far.
Its processors are the heart and soul of most data centers. Its stock has beaten the daylights out of the overa…",https://biztoc.com/x/034c30c6275521d3,aol.com,https://biztoc.com/cdn/034c30c6275521d3_s.webp,2024-12-14T14:55:04Z,https://biztoc.com/x/034c30c6275521d3,biztoc.com
"TRENT REZNOR: ""The Culture Of The Music World Sucks""","""Music [now] feels largely relegated to something that happens in the background or while you're doing something else.""",https://metalinjection.net/news/trent-reznor-the-culture-of-the-music-world-sucks,Greg Kennelty,https://cdn-p.smehost.net/sites/7f9737f2506941499994d771a29ad47a/wp-content/uploads/2022/07/2022-06-24-Hellfest-Nine-Inch-Nails-2-watermark.jpg,2024-12-14T14:51:18Z,https://metalinjection.net/news/trent-reznor-the-culture-of-the-music-world-sucks,metalinjection.net
"Cold wave sweeps Punjab, Haryana; Faridkot chills at 1 degree Celsius","Cold weather gripped Haryana and Punjab on Saturday, with Faridkot, Punjab experiencing the lowest temperature at 1 degree Celsius.  Other cities in both states also recorded low temperatures, including Pathankot at 2.3 degrees Celsius and Karnal at 4 degrees…",https://economictimes.indiatimes.com/news/india/cold-wave-sweeps-punjab-haryana-faridkot-chills-at-1-degree-celsius/articleshow/116320686.cms,PTI,"https://img.etimg.com/thumb/msid-116320689,width-1200,height-630,imgsize-12866,overlay-economictimes/articleshow.jpg",2024-12-14T14:49:55Z,https://economictimes.indiatimes.com/news/india/cold-wave-sweeps-punjab-haryana-faridkot-chills-at-1-degree-celsius/articleshow/116320686.cms,economictimes.indiatimes.com
"Robot Gets To Work Removing Nuclear Debris From The Fukushima Site, Helping Scientists To Understand What Exactly Is Inside",This is no small task: the total debris is estimated at 880 tons.,http://twistedsifter.com/2024/12/robot-gets-to-work-removing-nuclear-debris-from-the-fukushima-site-helping-scientists-to-understand-what-exactly-is-inside/,Kyra Piperides,https://twistedsifter.com/wp-content/uploads/2024/11/Inside-Fukushima.jpg,2024-12-14T14:48:54Z,http://twistedsifter.com/2024/12/robot-gets-to-work-removing-nuclear-debris-from-the-fukushima-site-helping-scientists-to-understand-what-exactly-is-inside/,twistedsifter.com
Blackmail for money? Jay-Z rape accuser Jane Doe may have filed a lawsuit with false accusations against the rapper; here are details,"During recent days, the renowned rapper Jay-Z has been allegedly named in a rape lawsuit alongside Sean Diddy Combs. The accuser known as Jane Doe in a recent interview admitted that while her claims are absolutely true, at the same time, there are some incon…",https://economictimes.indiatimes.com/news/international/us/blackmail-for-money-jay-z-rape-accuser-jane-doe-may-have-filed-a-lawsuit-with-false-accusations-against-the-rapper-here-are-details/articleshow/116320631.cms,The Feed,"https://img.etimg.com/thumb/msid-116320642,width-1200,height-630,imgsize-190734,overlay-economictimes/articleshow.jpg",2024-12-14T14:46:44Z,https://economictimes.indiatimes.com/news/international/us/blackmail-for-money-jay-z-rape-accuser-jane-doe-may-have-filed-a-lawsuit-with-false-accusations-against-the-rapper-here-are-details/articleshow/116320631.cms,economictimes.indiatimes.com
Intel Arrow Lake-H and AMD Krackan Point laptops emerge at retailers — preliminary listings indicate that manufacturers are gearing up for launch next month,New laptops from Asus have surfaced at retailers featuring next-gen Arrow Lake-H and Krackan Point chips from Intel and AMD.,https://www.tomshardware.com/pc-components/cpus/intel-arrow-lake-h-and-amd-krackan-point-laptops-emerge-at-retailers-preliminary-listings-indicate-that-manufacturers-are-gearing-up-for-launch-next-month,Hassam Nasir,https://cdn.mos.cms.futurecdn.net/LtApr3mDKWZDr5ZayYbG4a-1200-80.jpg,2024-12-14T14:35:58Z,https://tomshardware.com/pc-components/cpus/intel-arrow-lake-h-and-amd-krackan-point-laptops-emerge-at-retailers-preliminary-listings-indicate-that-manufacturers-are-gearing-up-for-launch-next-month,tomshardware.com
Meet the Supercharged Growth Stock Poised to Hit $20 Trillion by 2030 According to 1 Wall Street Analyst,"Artificial intelligence (AI) has been around in some form or another for more than five decades. However, the advent of generative AI early last year took the technology to the next level. These constantly improving and self-learning algorithms have the poten…",https://biztoc.com/x/53d4e5d91f73da8c,fool.com,https://biztoc.com/cdn/808/og.png,2024-12-14T14:32:52Z,https://biztoc.com/x/53d4e5d91f73da8c,biztoc.com
Gets Another Massive Tailwind,"This post may contain links from our sponsors and affiliates, and Flywheel Publishing may receive compensation for actions taken through them.
 
Key Points:
Driven by its speech AI technology, SoundHound AI (NASDAQ: SOUN) has enjoyed exponential stock rise.
I…",https://biztoc.com/x/128e6c910540da07,247wallst.com,https://biztoc.com/cdn/808/og.png,2024-12-14T14:32:50Z,https://biztoc.com/x/128e6c910540da07,biztoc.com
Nari Shakti Played Key Role In Shaping Constitution: PM Modi,Prime Minister Narendra Modi on Saturday lauded the power of 'Nari Shakti' in shaping the Constitution and made a strong pitch for 'united Bharat' in realising the country's dreams in the twenty-first century.,https://www.ndtv.com/india-news/nari-shakti-played-crucial-role-in-shaping-constitution-pm-modi-in-parliament-7248638,,"https://c.ndtvimg.com/2024-12/elb02ns_pm-modi_625x300_14_December_24.jpg?im=FitAndFill,algorithm=dnn,width=1200,height=738",2024-12-14T14:31:22Z,https://ndtv.com/india-news/nari-shakti-played-crucial-role-in-shaping-constitution-pm-modi-in-parliament-7248638,ndtv.com
Preparing your 2024 Form 20-F,"This client update highlights key considerations for the preparation of your 2024 annual report on Form 20-F. As in previous years, we discuss both disclosure developments and continued areas of focus for the U.S. Securities and Exchange Commission (SEC). In …",https://corpgov.law.harvard.edu/2024/12/14/preparing-your-2024-form-20-f/,"Connie Milonakis, Maxim Van de moortel, Reuven Young, Connie Milonakis, Maxim Van de moortel, Reuven Young",https://corpgov.law.harvard.edu/wp-content/uploads/2021/03/new-shield-facebook.png,2024-12-14T14:30:23Z,https://corpgov.law.harvard.edu/2024/12/14/preparing-your-2024-form-20-f/,corpgov.law.harvard.edu
‘Innovative plan imperative for party building’,"KATHMANDU: Deputy Secretary General of CPN UML, Prithvi Subba Gurung, has directed the party leaders and cadres to take ahead the party activities in an innovative manner. Addressing a programme organized by the UML Lamjung-Kathmandu Liaison Forum in the fede…",https://english.khabarhub.com/2024/14/419402/,Khabarhub,https://english.khabarhub.com/wp-content/uploads/2024/11/Prithvi-Subba-Gurung-scaled-e1731770108255.jpg,2024-12-14T14:30:09Z,https://english.khabarhub.com/2024/14/419402/,english.khabarhub.com
"During previous government, we saw India being defamed in world through headlines: PM Modi in Lok Sabha","PM Modi addressed the Lok Sabha, discussing India's 75 years of constitutional journey. He criticized the previous government for the 2012 power outage.  He praised his government's 'One Nation, One Grid' initiative.  Modi highlighted the success of Digital I…",https://economictimes.indiatimes.com/news/politics-and-nation/during-previous-government-we-saw-india-being-defamed-in-world-through-headlines-pm-modi-in-lok-sabha/articleshow/116320388.cms,ANI,"https://img.etimg.com/thumb/msid-116320401,width-1200,height-630,imgsize-20270,overlay-economictimes/articleshow.jpg",2024-12-14T14:26:32Z,https://economictimes.indiatimes.com/news/politics-and-nation/during-previous-government-we-saw-india-being-defamed-in-world-through-headlines-pm-modi-in-lok-sabha/articleshow/116320388.cms,economictimes.indiatimes.com
Here’s What’s Coming to Disneyland Paris in 2025,"As 2025 quickly approaches, Disneyland Paris has quite the lineup in store! From the debut of “Disney Tales of Magic” to the opening of World Premiere and kick off of Disney Music Festival in the spring, we have the inside scoop — let’s dive right in! Disney …",https://disneyparksblog.com/dlp/heres-whats-coming-to-disneyland-paris-in-2025/,The Editors,https://disneyparksblog.com/app/uploads/2024/12/2025-dlp-lookahead-header.png,2024-12-14T14:25:21Z,https://disneyparksblog.com/dlp/heres-whats-coming-to-disneyland-paris-in-2025/,disneyparksblog.com
"NeoRuler and M-Cube review: Smarter, iPhone-connected precision measuring","Hozo Design has a pair of digital measuring devices in the NeoRuler and M-Cube, with both having the goal of making both micro and macro measurements more precise and easier to accomplish.NeoRuler review: The NeoRuler and M-CubeMeasurements are an area that h…",https://appleinsider.com/articles/24/12/14/neoruler-and-m-cube-review-smarter-iphone-connected-precision-measuring,news@appleinsider.com (Mike Wuerthele),https://photos5.appleinsider.com/gallery/61890-128142-neorulerreview-9-xl.jpg,2024-12-14T14:17:21Z,https://appleinsider.com/articles/24/12/14/neoruler-and-m-cube-review-smarter-iphone-connected-precision-measuring,appleinsider.com
"A decade ago, she took over a struggling chipmaker—now she's worth $1 billion: 'Everything takes time'","Over the course of a decade, AMD CEO Lisa Su engineered a huge turnaround at the once-languishing chipmaker — and saw her net worth rise in the process.",https://www.cnbc.com/2024/12/14/how-amd-ceo-lisa-su-rebuilt-struggling-chipmaker-became-billionaire.html,,https://image.cnbcfm.com/api/v1/image/108075239-1734025456489-gettyimages-1828905919-AMD_AI.jpeg?v=1734025502&w=1920&h=1080,2024-12-14T14:15:02Z,https://cnbc.com/2024/12/14/how-amd-ceo-lisa-su-rebuilt-struggling-chipmaker-became-billionaire.html,cnbc.com
"Trent Reznor Reveals Exactly Why He Prefers Making Movie Soundtracks To The Music Biz, And He Does Not Hold Back: 'The Culture Of The Music World Sucks'",The Nine Inch Nails frontman shares his thoughts on movie music transition.,https://www.cinemablend.com/movies/trent-reznor-prefers-making-movie-soundtracks-music-biz-challengers-queer,Sarah El-Mahmoud,https://cdn.mos.cms.futurecdn.net/pNZVXWnReYNizuEPExrFBW-1200-80.png,2024-12-14T14:12:27Z,https://cinemablend.com/movies/trent-reznor-prefers-making-movie-soundtracks-music-biz-challengers-queer,cinemablend.com
"WWE brings back Saturday Night’s Main Event after 16 years, where to watch","In a thrilling announcement for wrestling fans worldwide, WWE’s Saturday Night’s Main Event is making its grand return after a 16-year absence. The revival will take place at the historic Nassau Coliseum in Long Island, New York, the same venue that hosted th…",https://rollingout.com/2024/12/14/wwe-saturday-nights-main-event-returns/,Serena Summer,https://rollingout.com/wp-content/uploads/2024/12/shutterstock_2514870849-scaled.jpg,2024-12-14T14:03:33Z,https://rollingout.com/2024/12/14/wwe-saturday-nights-main-event-returns/,rollingout.com
"'Reasoning' AI models have become a trend, for better or worse | TechCrunch","So-called reasoning models like OpenAI's o1 look to be the next trend in AI. There's pros and cons to this, experts say.",https://techcrunch.com/2024/12/14/reasoning-ai-models-have-become-a-trend-for-better-or-worse/,Kyle Wiggers,"https://techcrunch.com/wp-content/uploads/2023/07/GettyImages-1463459171.jpg?resize=1200,800",2024-12-14T14:03:04Z,https://techcrunch.com/2024/12/14/reasoning-ai-models-have-become-a-trend-for-better-or-worse/,techcrunch.com
Chirag Paswan wonders why alliance known for 'looting' Jharkhand elected again,"Union Minister Chirag Paswan questioned the re-election of the ruling alliance in Jharkhand, alleging they had prioritized self-enrichment over the state's development during their previous term.  He expressed his party's commitment to Jharkhand's progress an…",https://economictimes.indiatimes.com/news/politics-and-nation/chirag-paswan-wonders-why-alliance-known-for-looting-jharkhand-elected-again/articleshow/116320034.cms,PTI,"https://img.etimg.com/thumb/msid-116320073,width-1200,height-630,imgsize-39888,overlay-economictimes/articleshow.jpg",2024-12-14T14:02:52Z,https://economictimes.indiatimes.com/news/politics-and-nation/chirag-paswan-wonders-why-alliance-known-for-looting-jharkhand-elected-again/articleshow/116320034.cms,economictimes.indiatimes.com
Chuwi LarkBox S mini PC review,"The LarkBox S is an interesting addition to the entry-level mini PC market offering a solid, high-quality build and solid performance that makes it ideally suited to office work. However, it also adds a touch of design flair with subtle but stylish graphical …",https://www.techradar.com/computing/chuwi-larkbox-s-mini-pc-review,Alastair Jennings,https://cdn.mos.cms.futurecdn.net/hFoQatxDbFWaGkwBuLMYk6-1200-80.jpg,2024-12-14T14:02:00Z,https://techradar.com/computing/chuwi-larkbox-s-mini-pc-review,techradar.com
"Is It Just Me, Or Is Every Influencer Wearing These Super-Cool Futuristic Sunnies?","This debut collection features variations on a singular bold design concept, and the result is making waves in the fashion world.",https://www.elitedaily.com/fashion/is-it-just-me-or-is-every-influencer-wearing-these-super-cool-futuristic-sunnies,Andrea Gale,https://imgix.bustle.com/uploads/image/2024/12/13/26d55ce9/screenshot-2024-12-13.png?w=1200&h=630&fit=crop&crop=faces&fm=jpg,2024-12-14T14:01:24Z,https://elitedaily.com/fashion/is-it-just-me-or-is-every-influencer-wearing-these-super-cool-futuristic-sunnies,elitedaily.com
"What Is Talent Transformation, And Why Do You Need It In 2025?","Talent transformation redefines workforce strategies to align with modern demands. It boosts productivity, fosters adaptability, and attracts top talent. Essential for industries like tech, healthcare, and retail, it helps future-proof organizations through u…",https://elearningindustry.com/what-is-talent-transformation-and-why-do-you-need-it-in-2025,Kamaldeep Singh,https://cdn.elearningindustry.com/wp-content/uploads/2024/12/Shutterstock_2300874783.jpg,2024-12-14T14:00:51Z,https://elearningindustry.com/what-is-talent-transformation-and-why-do-you-need-it-in-2025,elearningindustry.com
macOS 15.2 Sequoia: This CHANGES EVERYTHING for Mac Users,"The release of macOS 15.2 Sequoia marks a significant milestone for Mac users, introducing a range of features and enhancements designed to streamline productivity, boost creativity, and improve overall user experience. This update focuses on leveraging advan…",https://www.geeky-gadgets.com/macos-15-2-sequoia-this-changes-everything-for-mac-users/,Roland Hutchinson,https://www.geeky-gadgets.com/wp-content/uploads/2024/12/macOS-2.jpg,2024-12-14T14:00:32Z,https://geeky-gadgets.com/macos-15-2-sequoia-this-changes-everything-for-mac-users/,geeky-gadgets.com
